id	latitude	longitude	gforce	timestamp	maps_link
1	-1.133297	114.615626	1.180	2026-05-02 10:36:21	https://maps.google.com/?q=-1.133297,114.615626
2	-1.133304	114.615367	1.190	2026-05-02 10:36:28	https://maps.google.com/?q=-1.133304,114.615367
3	-1.133315	114.612918	1.170	2026-05-02 10:37:16	https://maps.google.com/?q=-1.133315,114.612918
4	-1.133270	114.602088	1.100	2026-05-02 10:38:43	https://maps.google.com/?q=-1.133270,114.602088
5	-1.132944	114.595118	1.060	2026-05-02 10:39:41	https://maps.google.com/?q=-1.132944,114.595118
6	-1.132257	114.593456	1.160	2026-05-02 10:40:10	https://maps.google.com/?q=-1.132257,114.593456
7	-1.129420	114.554183	1.180	2026-05-02 10:45:12	https://maps.google.com/?q=-1.129420,114.554183
8	-1.121532	114.543285	1.130	2026-05-02 10:47:02	https://maps.google.com/?q=-1.121532,114.543285
9	-1.097045	114.515613	1.080	2026-05-02 10:52:01	https://maps.google.com/?q=-1.097045,114.515613
10	-1.083130	114.509551	1.060	2026-05-02 10:54:10	https://maps.google.com/?q=-1.083130,114.509551
11	-1.082069	114.507441	0.930	2026-05-02 10:54:30	https://maps.google.com/?q=-1.082069,114.507441
12	-1.081933	114.504580	1.010	2026-05-02 10:54:54	https://maps.google.com/?q=-1.081933,114.504580
13	-1.081940	114.504469	0.940	2026-05-02 10:54:55	https://maps.google.com/?q=-1.081940,114.504469
14	-1.081418	114.501782	0.870	2026-05-02 10:55:22	https://maps.google.com/?q=-1.081418,114.501782
15	-1.079171	114.495697	1.170	2026-05-02 10:56:41	https://maps.google.com/?q=-1.079171,114.495697
16	-1.080919	114.486350	0.890	2026-05-02 10:57:38	https://maps.google.com/?q=-1.080919,114.486350
17	-1.080701	114.482967	0.760	2026-05-02 10:58:04	https://maps.google.com/?q=-1.080701,114.482967
18	-1.080680	114.482849	1.040	2026-05-02 10:58:05	https://maps.google.com/?q=-1.080680,114.482849
19	-1.080570	114.481560	1.020	2026-05-02 10:58:15	https://maps.google.com/?q=-1.080570,114.481560
20	-1.079983	114.470554	0.880	2026-05-02 11:00:19	https://maps.google.com/?q=-1.079983,114.470554
21	-1.078415	114.460521	1.030	2026-05-02 11:01:46	https://maps.google.com/?q=-1.078415,114.460521
22	-1.077240	114.458234	1.020	2026-05-02 11:02:07	https://maps.google.com/?q=-1.077240,114.458234
23	-1.064479	114.431025	1.070	2026-05-02 11:06:43	https://maps.google.com/?q=-1.064479,114.431025
24	-1.063986	114.422742	1.050	2026-05-02 11:07:51	https://maps.google.com/?q=-1.063986,114.422742
25	-1.062534	114.407766	1.120	2026-05-02 11:09:56	https://maps.google.com/?q=-1.062534,114.407766
26	-1.062455	114.407348	1.010	2026-05-02 11:10:11	https://maps.google.com/?q=-1.062455,114.407348
27	-1.061636	114.403614	1.110	2026-05-02 11:10:46	https://maps.google.com/?q=-1.061636,114.403614
28	-1.055549	114.399333	1.100	2026-05-02 11:12:03	https://maps.google.com/?q=-1.055549,114.399333
29	-1.049971	114.399417	1.120	2026-05-02 11:12:51	https://maps.google.com/?q=-1.049971,114.399417
30	-1.038475	114.397252	0.970	2026-05-02 11:14:46	https://maps.google.com/?q=-1.038475,114.397252
31	-1.035209	114.397628	1.070	2026-05-02 11:15:17	https://maps.google.com/?q=-1.035209,114.397628
32	-1.033923	114.397671	1.070	2026-05-02 11:18:02	https://maps.google.com/?q=-1.033923,114.397671
33	-1.033612	114.397661	1.130	2026-05-02 11:18:10	https://maps.google.com/?q=-1.033612,114.397661
34	-1.038201	114.397277	1.030	2026-05-02 11:27:22	https://maps.google.com/?q=-1.038201,114.397277
35	-1.043989	114.398198	1.100	2026-05-02 11:28:13	https://maps.google.com/?q=-1.043989,114.398198
36	-1.045179	114.398763	0.880	2026-05-02 11:28:25	https://maps.google.com/?q=-1.045179,114.398763
37	-1.054921	114.399372	1.090	2026-05-02 11:30:08	https://maps.google.com/?q=-1.054921,114.399372
38	-1.055035	114.399382	0.920	2026-05-02 11:30:09	https://maps.google.com/?q=-1.055035,114.399382
39	-1.057896	114.399486	1.110	2026-05-02 11:30:38	https://maps.google.com/?q=-1.057896,114.399486
40	-1.058017	114.399502	1.190	2026-05-02 11:30:39	https://maps.google.com/?q=-1.058017,114.399502
41	-1.061359	114.400338	1.140	2026-05-02 11:31:12	https://maps.google.com/?q=-1.061359,114.400338
42	-1.061753	114.403875	1.130	2026-05-02 11:32:02	https://maps.google.com/?q=-1.061753,114.403875
43	-1.062376	114.407156	1.190	2026-05-02 11:32:36	https://maps.google.com/?q=-1.062376,114.407156
44	-1.064446	114.429840	1.190	2026-05-02 11:36:16	https://maps.google.com/?q=-1.064446,114.429840
45	-1.064259	114.438795	1.130	2026-05-02 11:37:51	https://maps.google.com/?q=-1.064259,114.438795
46	-1.064235	114.444428	1.080	2026-05-02 11:38:50	https://maps.google.com/?q=-1.064235,114.444428
47	-1.079633	114.470286	1.090	2026-05-02 11:46:01	https://maps.google.com/?q=-1.079633,114.470286
48	-1.081505	114.493138	1.150	2026-05-02 11:51:00	https://maps.google.com/?q=-1.081505,114.493138
49	-1.081810	114.503269	1.140	2026-05-02 11:52:45	https://maps.google.com/?q=-1.081810,114.503269
50	-1.111394	114.528864	1.180	2026-05-02 11:58:34	https://maps.google.com/?q=-1.111394,114.528864
51	-1.112501	114.530163	1.170	2026-05-02 11:58:48	https://maps.google.com/?q=-1.112501,114.530163
52	-1.132478	114.584574	1.170	2026-05-02 12:07:23	https://maps.google.com/?q=-1.132478,114.584574
53	-1.133371	114.613147	1.160	2026-05-02 12:11:24	https://maps.google.com/?q=-1.133371,114.613147
54	-1.133365	114.613266	1.090	2026-05-02 12:11:25	https://maps.google.com/?q=-1.133365,114.613266
55	-1.138224	114.631433	1.060	2026-05-02 12:14:58	https://maps.google.com/?q=-1.138224,114.631433
56	-1.139970	114.634433	1.170	2026-05-02 12:15:42	https://maps.google.com/?q=-1.139970,114.634433
57	-1.152116	114.639499	1.030	2026-05-02 12:17:41	https://maps.google.com/?q=-1.152116,114.639499
58	-1.152928	114.639951	0.960	2026-05-02 12:17:50	https://maps.google.com/?q=-1.152928,114.639951
59	-1.156166	114.644947	1.120	2026-05-02 12:18:51	https://maps.google.com/?q=-1.156166,114.644947
60	-1.164270	114.686080	1.140	2026-05-02 12:25:52	https://maps.google.com/?q=-1.164270,114.686080
61	-1.166128	114.690977	1.090	2026-05-02 12:26:42	https://maps.google.com/?q=-1.166128,114.690977
62	-1.168852	114.699419	1.190	2026-05-02 12:27:59	https://maps.google.com/?q=-1.168852,114.699419
63	-1.175308	114.718047	1.080	2026-05-02 12:30:46	https://maps.google.com/?q=-1.175308,114.718047
64	-1.175933	114.719464	1.100	2026-05-02 12:30:58	https://maps.google.com/?q=-1.175933,114.719464
65	-1.182959	114.732971	1.140	2026-05-02 12:33:02	https://maps.google.com/?q=-1.182959,114.732971
66	-1.211017	114.802565	1.090	2026-05-02 12:52:39	https://maps.google.com/?q=-1.211017,114.802565
67	-1.211323	114.802760	0.960	2026-05-02 12:52:47	https://maps.google.com/?q=-1.211323,114.802760
68	-1.211938	114.803232	1.050	2026-05-02 12:52:59	https://maps.google.com/?q=-1.211938,114.803232
69	-1.212101	114.803362	1.040	2026-05-02 12:53:02	https://maps.google.com/?q=-1.212101,114.803362
70	-1.212948	114.803691	1.110	2026-05-02 12:53:17	https://maps.google.com/?q=-1.212948,114.803691
71	-1.213124	114.803580	1.040	2026-05-02 12:53:21	https://maps.google.com/?q=-1.213124,114.803580
72	-1.213254	114.803450	1.150	2026-05-02 12:53:25	https://maps.google.com/?q=-1.213254,114.803450
73	-1.213746	114.803019	1.180	2026-05-02 12:53:36	https://maps.google.com/?q=-1.213746,114.803019
74	-1.214422	114.802967	1.110	2026-05-02 12:54:10	https://maps.google.com/?q=-1.214422,114.802967
75	-1.214619	114.803494	0.910	2026-05-02 12:54:21	https://maps.google.com/?q=-1.214619,114.803494
76	-1.214731	114.803725	1.070	2026-05-02 12:54:26	https://maps.google.com/?q=-1.214731,114.803725
77	-1.215013	114.804175	1.140	2026-05-02 12:54:36	https://maps.google.com/?q=-1.215013,114.804175
78	-1.215337	114.804223	1.120	2026-05-02 12:54:46	https://maps.google.com/?q=-1.215337,114.804223
79	-1.215428	114.804175	1.040	2026-05-02 12:54:50	https://maps.google.com/?q=-1.215428,114.804175
80	-1.215486	114.804085	1.040	2026-05-02 12:54:53	https://maps.google.com/?q=-1.215486,114.804085
81	-1.215537	114.802492	1.080	2026-05-02 12:55:22	https://maps.google.com/?q=-1.215537,114.802492
82	-1.209005	114.790413	1.080	2026-05-02 12:58:54	https://maps.google.com/?q=-1.209005,114.790413
83	-1.208985	114.790817	1.120	2026-05-02 13:00:25	https://maps.google.com/?q=-1.208985,114.790817
84	-1.206177	114.768421	1.140	2026-05-02 13:06:30	https://maps.google.com/?q=-1.206177,114.768421
85	-1.186735	114.742184	1.090	2026-05-02 13:12:20	https://maps.google.com/?q=-1.186735,114.742184
86	-1.185560	114.739214	0.930	2026-05-02 13:12:54	https://maps.google.com/?q=-1.185560,114.739214
87	-1.168914	114.699611	1.100	2026-05-02 13:18:54	https://maps.google.com/?q=-1.168914,114.699611
88	-1.155124	114.655940	1.050	2026-05-02 13:25:33	https://maps.google.com/?q=-1.155124,114.655940
89	-1.155263	114.644071	1.170	2026-05-02 13:27:38	https://maps.google.com/?q=-1.155263,114.644071
90	-1.154556	114.643424	1.080	2026-05-02 13:27:48	https://maps.google.com/?q=-1.154556,114.643424
91	-1.154486	114.643345	1.000	2026-05-02 13:27:49	https://maps.google.com/?q=-1.154486,114.643345
92	-1.151826	114.639287	1.150	2026-05-02 13:28:41	https://maps.google.com/?q=-1.151826,114.639287
93	-1.146267	114.637834	1.040	2026-05-02 13:29:38	https://maps.google.com/?q=-1.146267,114.637834
94	-1.144534	114.636555	1.010	2026-05-02 13:29:58	https://maps.google.com/?q=-1.144534,114.636555
95	-1.140552	114.634878	0.960	2026-05-02 13:30:52	https://maps.google.com/?q=-1.140552,114.634878
96	-1.139441	114.633313	1.020	2026-05-02 13:31:12	https://maps.google.com/?q=-1.139441,114.633313
97	-1.139457	114.632268	1.120	2026-05-02 13:31:26	https://maps.google.com/?q=-1.139457,114.632268
98	-1.139011	114.631857	1.190	2026-05-02 13:31:35	https://maps.google.com/?q=-1.139011,114.631857
99	-1.138876	114.631791	1.190	2026-05-02 13:31:37	https://maps.google.com/?q=-1.138876,114.631791
100	-1.138335	114.631464	1.040	2026-05-02 13:31:44	https://maps.google.com/?q=-1.138335,114.631464
101	-1.137880	114.629889	1.130	2026-05-02 13:31:59	https://maps.google.com/?q=-1.137880,114.629889
102	-1.136833	114.625544	1.120	2026-05-02 13:32:44	https://maps.google.com/?q=-1.136833,114.625544
103	-1.136526	114.623361	1.100	2026-05-02 13:33:09	https://maps.google.com/?q=-1.136526,114.623361
104	-1.135177	114.621515	1.040	2026-05-02 13:33:51	https://maps.google.com/?q=-1.135177,114.621515
105	-1.132817	114.589452	1.120	2026-05-02 13:48:12	https://maps.google.com/?q=-1.132817,114.589452
106	-1.132815	114.589337	1.100	2026-05-02 13:48:13	https://maps.google.com/?q=-1.132815,114.589337
107	-1.085778	114.510599	1.010	2026-05-02 14:02:04	https://maps.google.com/?q=-1.085778,114.510599
108	-1.081566	114.502115	1.050	2026-05-02 14:03:41	https://maps.google.com/?q=-1.081566,114.502115
109	-1.081579	114.492918	0.990	2026-05-02 14:05:21	https://maps.google.com/?q=-1.081579,114.492918
110	-1.081415	114.491283	1.140	2026-05-02 14:05:37	https://maps.google.com/?q=-1.081415,114.491283
111	-1.081392	114.490864	1.090	2026-05-02 14:05:42	https://maps.google.com/?q=-1.081392,114.490864
112	-1.081059	114.486136	1.030	2026-05-02 14:06:27	https://maps.google.com/?q=-1.081059,114.486136
113	-1.080780	114.483031	1.190	2026-05-02 14:06:57	https://maps.google.com/?q=-1.080780,114.483031
114	-1.080736	114.478458	1.050	2026-05-02 14:07:39	https://maps.google.com/?q=-1.080736,114.478458
115	-1.079806	114.470522	1.140	2026-05-02 14:09:22	https://maps.google.com/?q=-1.079806,114.470522
116	-1.078434	114.460650	1.020	2026-05-02 14:10:58	https://maps.google.com/?q=-1.078434,114.460650
117	-1.077181	114.458144	1.070	2026-05-02 14:11:23	https://maps.google.com/?q=-1.077181,114.458144
118	-1.063642	114.443241	0.940	2026-05-02 14:14:20	https://maps.google.com/?q=-1.063642,114.443241
119	-1.063615	114.443153	1.160	2026-05-02 14:14:21	https://maps.google.com/?q=-1.063615,114.443153
120	-1.064617	114.437013	1.080	2026-05-02 14:15:15	https://maps.google.com/?q=-1.064617,114.437013
121	-1.055168	114.399346	1.100	2026-05-02 14:23:21	https://maps.google.com/?q=-1.055168,114.399346
122	-1.033401	114.397603	1.110	2026-05-02 14:27:34	https://maps.google.com/?q=-1.033401,114.397603
123	-1.033505	114.397725	1.200	2026-05-02 14:31:36	https://maps.google.com/?q=-1.033505,114.397725
124	-1.049086	114.399551	1.130	2026-05-02 14:35:12	https://maps.google.com/?q=-1.049086,114.399551
125	-1.075964	114.456510	1.190	2026-05-02 14:49:17	https://maps.google.com/?q=-1.075964,114.456510
126	-1.099649	114.518344	0.970	2026-05-02 15:04:29	https://maps.google.com/?q=-1.099649,114.518344
127	-1.132434	114.580903	1.020	2026-05-02 15:14:48	https://maps.google.com/?q=-1.132434,114.580903
128	-1.149575	114.638609	1.150	2026-05-02 15:32:34	https://maps.google.com/?q=-1.149575,114.638609
129	-1.149681	114.638668	1.120	2026-05-02 15:32:35	https://maps.google.com/?q=-1.149681,114.638668
130	-1.154406	114.643258	1.180	2026-05-02 15:33:39	https://maps.google.com/?q=-1.154406,114.643258
131	-1.156315	114.645113	1.090	2026-05-02 15:34:10	https://maps.google.com/?q=-1.156315,114.645113
132	-1.206384	114.768755	1.150	2026-05-02 15:56:12	https://maps.google.com/?q=-1.206384,114.768755
133	-1.206635	114.770171	1.110	2026-05-02 15:56:24	https://maps.google.com/?q=-1.206635,114.770171
134	-1.208495	114.788998	1.200	2026-05-02 16:00:14	https://maps.google.com/?q=-1.208495,114.788998
135	-1.213934	114.802922	1.140	2026-05-02 16:05:23	https://maps.google.com/?q=-1.213934,114.802922
136	-1.210808	114.802480	1.140	2026-05-02 16:07:55	https://maps.google.com/?q=-1.210808,114.802480
137	-1.212240	114.803396	1.050	2026-05-02 16:08:24	https://maps.google.com/?q=-1.212240,114.803396
138	-1.212705	114.803663	1.150	2026-05-02 16:08:32	https://maps.google.com/?q=-1.212705,114.803663
139	-1.213864	114.802992	1.080	2026-05-02 16:08:57	https://maps.google.com/?q=-1.213864,114.802992
140	-1.214500	114.803068	1.190	2026-05-02 16:09:21	https://maps.google.com/?q=-1.214500,114.803068
141	-1.214581	114.803263	1.120	2026-05-02 16:09:25	https://maps.google.com/?q=-1.214581,114.803263
142	-1.215498	114.802823	1.060	2026-05-02 16:10:49	https://maps.google.com/?q=-1.215498,114.802823
143	-1.209108	114.790575	1.160	2026-05-02 16:14:17	https://maps.google.com/?q=-1.209108,114.790575
144	-1.185651	114.739458	1.140	2026-05-02 16:25:48	https://maps.google.com/?q=-1.185651,114.739458
145	-1.185636	114.739343	1.000	2026-05-02 16:25:49	https://maps.google.com/?q=-1.185636,114.739343
146	-1.176121	114.719444	0.950	2026-05-02 16:28:48	https://maps.google.com/?q=-1.176121,114.719444
147	-1.176064	114.719334	1.180	2026-05-02 16:28:49	https://maps.google.com/?q=-1.176064,114.719334
148	-1.159950	114.670816	0.910	2026-05-02 16:35:51	https://maps.google.com/?q=-1.159950,114.670816
149	-1.155130	114.658837	1.160	2026-05-02 16:37:46	https://maps.google.com/?q=-1.155130,114.658837
150	-1.155291	114.657281	1.110	2026-05-02 16:37:59	https://maps.google.com/?q=-1.155291,114.657281
151	-1.155124	114.655560	1.200	2026-05-02 16:38:13	https://maps.google.com/?q=-1.155124,114.655560
152	-1.156804	114.649944	1.090	2026-05-02 16:39:07	https://maps.google.com/?q=-1.156804,114.649944
153	-1.156737	114.647984	1.130	2026-05-02 16:39:23	https://maps.google.com/?q=-1.156737,114.647984
154	-1.153287	114.640481	0.900	2026-05-02 16:40:38	https://maps.google.com/?q=-1.153287,114.640481
155	-1.153221	114.640242	1.140	2026-05-02 16:40:40	https://maps.google.com/?q=-1.153221,114.640242
156	-1.149579	114.638492	1.160	2026-05-02 16:41:14	https://maps.google.com/?q=-1.149579,114.638492
157	-1.142179	114.635624	0.930	2026-05-02 16:42:19	https://maps.google.com/?q=-1.142179,114.635624
158	-1.141711	114.635438	1.080	2026-05-02 16:42:23	https://maps.google.com/?q=-1.141711,114.635438
159	-1.140647	114.634940	1.080	2026-05-02 16:42:32	https://maps.google.com/?q=-1.140647,114.634940
160	-1.139107	114.631871	1.160	2026-05-02 16:43:05	https://maps.google.com/?q=-1.139107,114.631871
161	-1.138336	114.631372	1.130	2026-05-02 16:43:14	https://maps.google.com/?q=-1.138336,114.631372
162	-1.137709	114.627353	1.100	2026-05-02 16:43:50	https://maps.google.com/?q=-1.137709,114.627353
163	-1.134331	114.618911	1.160	2026-05-02 16:45:45	https://maps.google.com/?q=-1.134331,114.618911
164	-1.133608	114.610696	1.080	2026-05-02 16:50:18	https://maps.google.com/?q=-1.133608,114.610696
165	-1.133477	114.605853	1.030	2026-05-02 16:50:57	https://maps.google.com/?q=-1.133477,114.605853
166	-1.133296	114.602279	1.130	2026-05-02 16:51:26	https://maps.google.com/?q=-1.133296,114.602279
167	-1.132923	114.589309	1.050	2026-05-02 17:59:09	https://maps.google.com/?q=-1.132923,114.589309
168	-1.132518	114.581581	1.150	2026-05-02 18:00:11	https://maps.google.com/?q=-1.132518,114.581581
169	-1.081590	114.497505	1.160	2026-05-02 18:14:47	https://maps.google.com/?q=-1.081590,114.497505
170	-1.081598	114.497299	0.890	2026-05-02 18:14:49	https://maps.google.com/?q=-1.081598,114.497299
171	-1.081649	114.493059	1.060	2026-05-02 18:15:28	https://maps.google.com/?q=-1.081649,114.493059
172	-1.081467	114.491368	1.130	2026-05-02 18:15:45	https://maps.google.com/?q=-1.081467,114.491368
173	-1.080643	114.481780	1.200	2026-05-02 18:17:08	https://maps.google.com/?q=-1.080643,114.481780
174	-1.080593	114.481125	1.080	2026-05-02 18:17:14	https://maps.google.com/?q=-1.080593,114.481125
175	-1.081905	114.471756	1.150	2026-05-02 18:18:48	https://maps.google.com/?q=-1.081905,114.471756
176	-1.077726	114.459078	1.190	2026-05-02 18:21:07	https://maps.google.com/?q=-1.077726,114.459078
177	-1.064712	114.436948	1.050	2026-05-02 18:25:05	https://maps.google.com/?q=-1.064712,114.436948
178	-1.064392	114.431518	1.100	2026-05-02 18:26:05	https://maps.google.com/?q=-1.064392,114.431518
179	-1.064589	114.431006	1.160	2026-05-02 18:26:13	https://maps.google.com/?q=-1.064589,114.431006
180	-1.063919	114.421614	0.970	2026-05-02 18:27:35	https://maps.google.com/?q=-1.063919,114.421614
181	-1.062500	114.407206	1.120	2026-05-02 18:29:47	https://maps.google.com/?q=-1.062500,114.407206
182	-1.049586	114.399493	1.050	2026-05-02 18:32:48	https://maps.google.com/?q=-1.049586,114.399493
183	-1.038385	114.397197	0.960	2026-05-02 18:34:33	https://maps.google.com/?q=-1.038385,114.397197
184	-1.033368	114.397504	1.190	2026-05-02 18:35:42	https://maps.google.com/?q=-1.033368,114.397504
185	-1.038299	114.397253	1.130	2026-05-02 18:41:10	https://maps.google.com/?q=-1.038299,114.397253
186	-1.062333	114.406513	1.200	2026-05-02 18:47:46	https://maps.google.com/?q=-1.062333,114.406513
187	-1.064262	114.427010	0.970	2026-05-02 18:52:13	https://maps.google.com/?q=-1.064262,114.427010
188	-1.081535	114.493048	1.100	2026-05-02 19:08:23	https://maps.google.com/?q=-1.081535,114.493048
189	-1.100885	114.519481	0.910	2026-05-02 19:14:25	https://maps.google.com/?q=-1.100885,114.519481
190	-1.111533	114.528948	1.180	2026-05-02 19:16:22	https://maps.google.com/?q=-1.111533,114.528948
191	-1.112591	114.530234	1.070	2026-05-02 19:16:36	https://maps.google.com/?q=-1.112591,114.530234
192	-1.134031	114.618574	1.140	2026-05-02 19:30:22	https://maps.google.com/?q=-1.134031,114.618574
193	-1.138176	114.631283	1.170	2026-05-02 19:42:43	https://maps.google.com/?q=-1.138176,114.631283
194	-1.163155	114.682154	1.120	2026-05-02 19:54:09	https://maps.google.com/?q=-1.163155,114.682154
195	-1.204292	114.783138	1.180	2026-05-02 20:13:38	https://maps.google.com/?q=-1.204292,114.783138
196	-1.208894	114.790753	1.060	2026-05-02 21:08:53	https://maps.google.com/?q=-1.208894,114.790753
197	-1.210755	114.802262	1.180	2026-05-02 21:22:04	https://maps.google.com/?q=-1.210755,114.802262
198	-1.210918	114.802334	1.170	2026-05-02 21:22:12	https://maps.google.com/?q=-1.210918,114.802334
199	-1.213699	114.803164	1.050	2026-05-02 21:33:59	https://maps.google.com/?q=-1.213699,114.803164
200	-1.214707	114.803590	1.090	2026-05-02 21:35:06	https://maps.google.com/?q=-1.214707,114.803590
201	-1.214884	114.803917	1.120	2026-05-02 21:35:12	https://maps.google.com/?q=-1.214884,114.803917
202	-1.215527	114.804172	1.160	2026-05-02 21:35:28	https://maps.google.com/?q=-1.215527,114.804172
203	-1.215580	114.803889	1.190	2026-05-02 21:35:36	https://maps.google.com/?q=-1.215580,114.803889
204	-1.215555	114.803795	1.090	2026-05-02 21:35:38	https://maps.google.com/?q=-1.215555,114.803795
205	-1.215623	114.802452	1.110	2026-05-02 21:35:57	https://maps.google.com/?q=-1.215623,114.802452
206	-1.215698	114.802332	1.140	2026-05-02 21:36:00	https://maps.google.com/?q=-1.215698,114.802332
207	-1.215706	114.801516	1.060	2026-05-02 21:36:19	https://maps.google.com/?q=-1.215706,114.801516
208	-1.208778	114.789916	1.130	2026-05-02 21:40:15	https://maps.google.com/?q=-1.208778,114.789916
209	-1.186335	114.741576	0.910	2026-05-02 21:52:18	https://maps.google.com/?q=-1.186335,114.741576
210	-1.185661	114.739219	1.130	2026-05-02 21:52:46	https://maps.google.com/?q=-1.185661,114.739219
211	-1.181109	114.728510	1.160	2026-05-02 21:54:20	https://maps.google.com/?q=-1.181109,114.728510
212	-1.181028	114.728412	1.160	2026-05-02 21:54:21	https://maps.google.com/?q=-1.181028,114.728412
213	-1.178815	114.724028	1.170	2026-05-02 21:55:01	https://maps.google.com/?q=-1.178815,114.724028
214	-1.166002	114.690337	1.170	2026-05-02 21:59:54	https://maps.google.com/?q=-1.166002,114.690337
215	-1.159841	114.670383	1.190	2026-05-02 22:03:06	https://maps.google.com/?q=-1.159841,114.670383
216	-1.155129	114.655444	1.140	2026-05-02 22:05:31	https://maps.google.com/?q=-1.155129,114.655444
217	-1.156676	114.648552	0.990	2026-05-02 22:06:41	https://maps.google.com/?q=-1.156676,114.648552
218	-1.153517	114.641096	0.900	2026-05-02 22:08:00	https://maps.google.com/?q=-1.153517,114.641096
219	-1.153301	114.640391	0.960	2026-05-02 22:08:09	https://maps.google.com/?q=-1.153301,114.640391
220	-1.153213	114.640144	1.200	2026-05-02 22:08:12	https://maps.google.com/?q=-1.153213,114.640144
221	-1.142061	114.635558	0.930	2026-05-02 22:10:12	https://maps.google.com/?q=-1.142061,114.635558
222	-1.139464	114.633207	1.060	2026-05-02 22:10:47	https://maps.google.com/?q=-1.139464,114.633207
223	-1.137932	114.630093	1.060	2026-05-02 22:11:35	https://maps.google.com/?q=-1.137932,114.630093
224	-1.136665	114.625107	1.060	2026-05-02 22:12:40	https://maps.google.com/?q=-1.136665,114.625107
225	-1.136519	114.623541	1.170	2026-05-02 22:12:59	https://maps.google.com/?q=-1.136519,114.623541
226	-1.136123	114.622413	1.060	2026-05-02 22:13:32	https://maps.google.com/?q=-1.136123,114.622413
227	-1.133403	114.613461	1.090	2026-05-02 23:02:17	https://maps.google.com/?q=-1.133403,114.613461
228	-1.133415	114.612933	1.050	2026-05-02 23:02:24	https://maps.google.com/?q=-1.133415,114.612933
229	-1.132945	114.591415	1.150	2026-05-02 23:05:27	https://maps.google.com/?q=-1.132945,114.591415
230	-1.132337	114.576286	1.070	2026-05-02 23:07:30	https://maps.google.com/?q=-1.132337,114.576286
231	-1.083228	114.509536	1.120	2026-05-02 23:19:56	https://maps.google.com/?q=-1.083228,114.509536
232	-1.082000	114.503292	1.060	2026-05-02 23:20:55	https://maps.google.com/?q=-1.082000,114.503292
233	-1.080696	114.482306	1.190	2026-05-02 23:24:24	https://maps.google.com/?q=-1.080696,114.482306
234	-1.080664	114.480229	1.080	2026-05-02 23:24:42	https://maps.google.com/?q=-1.080664,114.480229
235	-1.080777	114.479408	1.120	2026-05-02 23:24:49	https://maps.google.com/?q=-1.080777,114.479408
236	-1.080801	114.478224	1.020	2026-05-02 23:24:59	https://maps.google.com/?q=-1.080801,114.478224
237	-1.081654	114.471303	1.150	2026-05-02 23:26:18	https://maps.google.com/?q=-1.081654,114.471303
238	-1.078821	114.461293	1.040	2026-05-02 23:28:11	https://maps.google.com/?q=-1.078821,114.461293
239	-1.072579	114.453578	1.080	2026-05-02 23:29:34	https://maps.google.com/?q=-1.072579,114.453578
240	-1.064829	114.434146	1.140	2026-05-02 23:32:46	https://maps.google.com/?q=-1.064829,114.434146
241	-1.058117	114.399387	0.880	2026-05-02 23:39:12	https://maps.google.com/?q=-1.058117,114.399387
242	-1.055273	114.399332	1.160	2026-05-02 23:39:37	https://maps.google.com/?q=-1.055273,114.399332
243	-1.049410	114.399500	1.110	2026-05-02 23:40:48	https://maps.google.com/?q=-1.049410,114.399500
244	-1.041504	114.397931	1.170	2026-05-02 23:42:01	https://maps.google.com/?q=-1.041504,114.397931
245	-1.033130	114.397393	1.150	2026-05-02 23:44:32	https://maps.google.com/?q=-1.033130,114.397393
246	-1.032920	114.397327	1.010	2026-05-02 23:44:38	https://maps.google.com/?q=-1.032920,114.397327
247	-1.032631	114.397460	1.190	2026-05-02 23:47:24	https://maps.google.com/?q=-1.032631,114.397460
248	-1.042267	114.397760	1.180	2026-05-02 23:53:15	https://maps.google.com/?q=-1.042267,114.397760
249	-1.045990	114.399125	1.110	2026-05-02 23:53:52	https://maps.google.com/?q=-1.045990,114.399125
250	-1.057234	114.399443	1.140	2026-05-02 23:56:07	https://maps.google.com/?q=-1.057234,114.399443
251	-1.061143	114.399792	1.110	2026-05-02 23:56:43	https://maps.google.com/?q=-1.061143,114.399792
252	-1.062202	114.405481	1.180	2026-05-02 23:58:06	https://maps.google.com/?q=-1.062202,114.405481
253	-1.065697	114.446740	1.190	2026-05-03 00:05:39	https://maps.google.com/?q=-1.065697,114.446740
254	-1.065997	114.447296	1.110	2026-05-03 00:05:45	https://maps.google.com/?q=-1.065997,114.447296
255	-1.066048	114.447376	1.190	2026-05-03 00:05:46	https://maps.google.com/?q=-1.066048,114.447376
256	-1.067122	114.448849	0.920	2026-05-03 00:06:02	https://maps.google.com/?q=-1.067122,114.448849
257	-1.076788	114.457332	1.190	2026-05-03 00:08:35	https://maps.google.com/?q=-1.076788,114.457332
258	-1.079711	114.470407	1.130	2026-05-03 00:12:46	https://maps.google.com/?q=-1.079711,114.470407
259	-1.087286	114.511120	1.150	2026-05-03 00:21:42	https://maps.google.com/?q=-1.087286,114.511120
260	-1.115436	114.534358	1.180	2026-05-03 00:27:07	https://maps.google.com/?q=-1.115436,114.534358
261	-1.115506	114.534461	1.160	2026-05-03 00:27:08	https://maps.google.com/?q=-1.115506,114.534461
262	-1.118373	114.538579	1.180	2026-05-03 00:27:49	https://maps.google.com/?q=-1.118373,114.538579
263	-1.132553	114.584494	1.110	2026-05-03 00:34:50	https://maps.google.com/?q=-1.132553,114.584494
264	-1.133499	114.608550	1.010	2026-05-03 00:38:21	https://maps.google.com/?q=-1.133499,114.608550
265	-1.137788	114.627572	1.150	2026-05-03 00:42:30	https://maps.google.com/?q=-1.137788,114.627572
266	-1.140280	114.634692	1.200	2026-05-03 00:44:00	https://maps.google.com/?q=-1.140280,114.634692
267	-1.141611	114.635441	1.090	2026-05-03 00:44:13	https://maps.google.com/?q=-1.141611,114.635441
268	-1.156531	114.649372	1.120	2026-05-03 00:48:27	https://maps.google.com/?q=-1.156531,114.649372
269	-1.157096	114.651320	1.200	2026-05-03 00:48:49	https://maps.google.com/?q=-1.157096,114.651320
270	-1.156573	114.652512	1.110	2026-05-03 00:49:01	https://maps.google.com/?q=-1.156573,114.652512
271	-1.159913	114.671041	1.040	2026-05-03 00:52:28	https://maps.google.com/?q=-1.159913,114.671041
272	-1.163178	114.682263	1.150	2026-05-03 00:54:33	https://maps.google.com/?q=-1.163178,114.682263
273	-1.167816	114.696121	1.160	2026-05-03 00:56:40	https://maps.google.com/?q=-1.167816,114.696121
274	-1.191161	114.748976	1.050	2026-05-03 01:05:42	https://maps.google.com/?q=-1.191161,114.748976
275	-1.204741	114.767219	1.050	2026-05-03 01:10:33	https://maps.google.com/?q=-1.204741,114.767219
276	-1.212836	114.803697	1.190	2026-05-03 01:28:26	https://maps.google.com/?q=-1.212836,114.803697
277	-1.213221	114.803567	1.120	2026-05-03 01:28:36	https://maps.google.com/?q=-1.213221,114.803567
278	-1.213488	114.803328	1.190	2026-05-03 01:28:44	https://maps.google.com/?q=-1.213488,114.803328
279	-1.214322	114.802739	1.180	2026-05-03 01:29:10	https://maps.google.com/?q=-1.214322,114.802739
280	-1.208948	114.790150	1.070	2026-05-03 01:34:24	https://maps.google.com/?q=-1.208948,114.790150
281	-1.208619	114.790195	1.080	2026-05-03 01:34:51	https://maps.google.com/?q=-1.208619,114.790195
282	-1.208729	114.790416	1.120	2026-05-03 01:35:00	https://maps.google.com/?q=-1.208729,114.790416
283	-1.206648	114.769214	1.140	2026-05-03 01:40:39	https://maps.google.com/?q=-1.206648,114.769214
284	-1.206449	114.768655	0.940	2026-05-03 01:40:45	https://maps.google.com/?q=-1.206449,114.768655
285	-1.172353	114.708533	1.120	2026-05-03 01:52:45	https://maps.google.com/?q=-1.172353,114.708533
286	-1.168492	114.698101	1.190	2026-05-03 01:54:15	https://maps.google.com/?q=-1.168492,114.698101
287	-1.159909	114.670668	1.190	2026-05-03 01:58:31	https://maps.google.com/?q=-1.159909,114.670668
288	-1.155482	114.660314	1.110	2026-05-03 02:00:16	https://maps.google.com/?q=-1.155482,114.660314
289	-1.155569	114.653948	0.990	2026-05-03 02:01:10	https://maps.google.com/?q=-1.155569,114.653948
290	-1.155384	114.644093	0.920	2026-05-03 02:02:42	https://maps.google.com/?q=-1.155384,114.644093
291	-1.154186	114.642572	1.180	2026-05-03 02:03:02	https://maps.google.com/?q=-1.154186,114.642572
292	-1.151658	114.639275	1.140	2026-05-03 02:04:04	https://maps.google.com/?q=-1.151658,114.639275
293	-1.139499	114.632413	1.030	2026-05-03 02:06:19	https://maps.google.com/?q=-1.139499,114.632413
294	-1.133633	114.615741	1.110	2026-05-03 02:29:58	https://maps.google.com/?q=-1.133633,114.615741
